Variable,Regression_Coefficient(β),P_Value,Significance
const,-17.58986883468431,0.00121560594485932,***
ln_Load,2.0183973912933393,7.796831472076648e-05,***
CDD_t,-0.028907631988930205,0.005209156807651237,***
HDD_t,-0.0101282134672704,0.08951892449413971,*
RenewableShare_t,-2.6976767878894883,4.534588316149429e-30,***
